jobs,firm,functional_area,type,page
Senior Infrastructure & Cloud Services Advisor,West Monroe,Cloud,Job,1
Senior 3D/Motion Designer,Yonder Consulting,Marketing,Job,1
Manager - Technology,First Consulting,Mobile & Apps,Job,1
HR Manager,BearingPoint,Human Resources,Job,1
"Analyst, satellite and space markets",Analysys Mason,Strategy,Job,1
"PH-4804; Test Automation Manager, Python / Azure",B2E Consulting,Unknown,Job,1
Director Client Services - Life Sciences,Genioo,Strategy,Job,1
Internships,Simon-Kucher,Pricing,Internship,1
Senior Business Development Manager,Ayming,Sales,Job,1
PMO Lead,ThreeTwoFour,Project Management,Job,1
M&A Managing Partner UK,Marktlink,Unknown,Job,1
Senior Consultant - Local Government Strategy,Campbell Tickell,Strategy,Job,1
Data Scientist,Digital Power,Data Science,Job,1
Director - Supply Chain Strategy & Transformation,Capgemini Invent,Strategy,Job,1
Consultants and Senior Consultants,Procura Consulting,Project Management,Job,1
Sourcing & Commercial Role,Coeus Consulting,Project Management,Job,1
Management Consultants,Collinson Grant,Process Management,Job,1
Experienced Hire,Fairgrove Partners,Strategy,Job,1
Internship / Work Placement,Skarbek Associates,Marketing,Internship,1
,Alvarez & Marsal,Management,Job,1
AWS Principal Architect,PA Consulting,Unknown,Job,1
Associate,McKinsey & Company,Strategy,Job,1
Healthcare consultant,Develop Consulting,Lean & SixSigma,Job,1
Independent Consultant ,dss+,Sustainability,Job,1
Principal Consultants,Q5,Strategy,Job,1
Strategy& - Strategy Senior Associate,PwC,Strategy,Job,1
Analyst,Change Management Group,Process Management,Job,1
Analyst,Enfuse Group,Digital,Job,1
Consultant Roles (at all levels) – IT Advisory,Mason Advisory,Digital,Job,1
Intermediate Quantity Surveyor,Panoptic Consultancy Group,Project Management,Job,1
Consultant Treasury Technology,Zanders,Corporate Finance,Job,1
Data Engineer,Valcon,Data Science,Job,1
Senior Analyst,CIL Management Consultants,Strategy,Job,1
Senior Consultant | Energy & Natural Resources | Strategic Communications,FTI Consulting,Unknown,Job,1
Associate Consultant,Bain & Company,Strategy,Job,1
Senior Strategist,The Upside,Strategy,Job,1
Business Analyst,Humatica,Data Science,Job,1
Business Development Manager UK,COMATCH,Sales,Job,1
Operational Technology Cyber Security Expert | Senior Manager | Dublin or Cork,PwC,IT Strategy,Job,1
 Marketing Executive/Manager,Panoptic Consultancy Group,Marketing,Job,1
Manager,CIL Management Consultants,Strategy,Job,1
Internship Business Development UK,COMATCH,Sales,Internship,1
Technology and Architecture Roles ,Coeus Consulting,Digital,Job,1
Manager and Senior Manager,Procura Consulting,Project Management,Job,1
Senior Manager Treasury Technology,Zanders,Corporate Finance,Job,1
Consulting Roles,Q5,Strategy,Job,2
Consultant Data Governance & Data Quality,Valcon,Data Science,Job,2
Consultant,Enfuse Group,Digital,Job,2
Customer Experience Specialist,Digital Power,CRM,Job,2
"Experienced Consultant, Mergers & Acquisitions",West Monroe,Mergers & Acquisitions,Job,2
Business Development Manager – R&D Incentives,Ayming,Sales,Job,2
Consultant,Bain & Company,Strategy,Job,2
PH-4779; German Speaking PMO Consultant,B2E Consulting,Unknown,Job,2
Principal consultant,Change Management Group,Strategy,Job,2
Business Analyst,McKinsey & Company,Strategy,Job,2
Principal Strategist,The Upside,Strategy,Job,2
GCP Cloud Engineer,PA Consulting,Cloud,Job,2
Associate Director,Yonder Consulting,Project Management,Job,2
Marketing Assistant,ThreeTwoFour,Marketing,Job,2
Independent Consultants,Fairgrove Partners,Strategy,Job,2
Consultant Business & Technology,First Consulting,Digital,Job,2
Manufacturing and construction consultant,Develop Consulting,Lean & SixSigma,Job,2
"Director, Business Intelligence | Forensic & Litigation Consulting",FTI Consulting,Forensic & Litigation,Job,2
Marketing Executive,Genioo,Marketing,Job,2
Supply Chain Operations Analyst,BearingPoint,Supply Chain,Job,2
Associate Consultant,Analysys Mason,Digital,Job,2
Programme Director - Energy & Utilities,Capgemini Invent,Management,Job,2
Cyber | Incident Response - Senior Manager,PwC,Cyber Security,Job,2
Cyber Security Consultant - Manager,ThreeTwoFour,Project Management,Job,2
"Consultant, Business Intelligence | Forensic & Litigation Consulting",FTI Consulting,Forensic & Litigation,Job,2
Supply Chain Operations Consultant,BearingPoint,Supply Chain,Job,2
Senior Data Principal,Valcon,Project Management,Job,2
Generalist role,Coeus Consulting,Strategy,Job,2
Senior Statistical / Data Analyst,Yonder Consulting,Data Science,Job,2
Consultant,Change Management Group,Strategy,Job,2
Senior Consultant,Enfuse Group,Digital,Job,2
Data Analyst,Digital Power,Data Science,Job,2
Contracts Manager,Panoptic Consultancy Group,Project Management,Job,2
Consultant: Operations Performance,Ayming,Procurement,Job,2
RE-4803; Procurement Consultant with SC Clearance,B2E Consulting,Procurement,Job,2
Junior Associate,McKinsey & Company,Strategy,Job,2
Junior Talent Acquisition Specialist,Zanders,Recruitment,Job,2
Director - Energy Transition,Capgemini Invent,Unknown,Job,2
Project Manager - Life Sciences,Genioo,Project Management,Job,2
Lean consultant,Develop Consulting,Lean & SixSigma,Job,2
Strategy Director,The Upside,Strategy,Job,2
"Managing Director, Mergers & Acquisitions",West Monroe,Mergers & Acquisitions,Job,2
Networks Consultant,PA Consulting,Unknown,Job,2
Business Analytics Engineer,Valcon,Data Science,Job,2
Managing Consultant - Networks/Telecoms,PA Consulting,Unknown,Job,2
"Transactions Tax, Senior Consultant ",FTI Consulting,Management,Job,3
"PH-4762; Senior Project Manager - Sales Expansion, EMEA",B2E Consulting,Sales,Job,3
Senior Consultant - Cyber Security,ThreeTwoFour,Cyber Security,Job,3
Salesforce System Administrator,Genioo,Data Science,Job,3
Deals | Forensic Accounting - Senior Manager,PwC,Forensic & Litigation,Job,3
"Director, Research Practice",Yonder Consulting,Strategy,Job,3
Director - ER&D Strategy & Transformation (Discrete/ Process industries),Capgemini Invent,Strategy,Job,3
"Senior Consultant, Mergers & Acquisitions",West Monroe,Mergers & Acquisitions,Job,3
Senior Consultant Treasury Technology,Zanders,Corporate Finance,Job,3
Innovation Consultants: All levels,Ayming,Finance,Job,3
Technical Web Analyst,Digital Power,Digital,Job,3
Cyber Security Consultant,BearingPoint,Cyber Security,Job,3
Senior Project Manager - Life Sciences,Genioo,Project Management,Job,3
Consultant- Programme and Change Acceleration,Capgemini Invent,Change Management,Job,3
"MM-4797; Data Analyst, S&P",B2E Consulting,Data Science,Job,3
Data Engineer,Digital Power,Data Science,Job,3
"Tax Depreciation, Senior Consultant",FTI Consulting,Finance,Job,3
Manager | Portfolio & Programme Management | Advisory | Dublin/Cork,PwC,Management,Job,3
Accounts Receivable Specialist,Yonder Consulting,Finance,Job,3
Cyber Security Analyst,ThreeTwoFour,Risk & Compliance,Job,3
Lead Technical Reviewer,PA Consulting,Unknown,Job,3
Business & Technology Consultant,Valcon,Process Management,Job,3
Management Consultants: All levels,Ayming,Change Management,Job,3
Identitiy & Access Management Project Manager,ThreeTwoFour,Project Management,Job,3
Business Development Director,Yonder Consulting,Sales,Job,3
Senior Python Specialist,Valcon,Software,Job,3
"Transactions Tax, Senior Director",FTI Consulting,Unknown,Job,3
Vice President Client Services - Life Sciences,Genioo,Strategy,Job,3
Cyber Security Consultant | Cyber Consulting | Dublin or Cork,PwC,Cyber Security,Job,3
Manager/Senior Manager - Energy & Utilities - Programme Management & Project Controls,Capgemini Invent,Management,Job,3
Wireless Technology Intellectual Property (IP) Specialist,PA Consulting,Property Management,Job,3
MM-4810; Senior Professional Services / Consultancy Procurement Manager,B2E Consulting,Procurement,Job,3
"Associate Director, Research Practice",Yonder Consulting,Strategy,Job,3
Consultant / Senior Consultant - DevOps Architect - Business Technology (London/Manchester/Glasgow),Capgemini Invent,IT Strategy,Job,3
Consultant Business & Technology,Valcon,Process Management,Job,3
GCP Cloud Engineer,PA Consulting,Cloud,Job,3
PH-4808; Platform Engineer - AWS & Terraform,B2E Consulting,Unknown,Job,3
"Consultant - Valuations, Disputes and Arbitration | Economic and Financial Consulting",FTI Consulting,Unknown,Job,3
Supply Chain Manager - Advisory Consulting - Dublin,PwC,Supply Chain,Job,3
PH-4806; Senior Back End Developers,B2E Consulting,Unknown,Job,3
"Associate Director, Consulting Practice",Yonder Consulting,Strategy,Job,3
Senior Director | Industrials & Special Situations | Strategic Communications,FTI Consulting,Unknown,Job,3
Senior Manager | Operational Excellence | Advisory | Dublin/Cork,PwC,Unknown,Job,3
Resource Co-ordinator,PA Consulting,Unknown,Job,3
Cloud Economics - Managing Consultant / Senior Manager (London/Manchester/Glasgow),Capgemini Invent,Cloud,Job,3
Senior DevOps Specialist,Valcon,Software,Job,4
Full Stack Engineer,PA Consulting,Unknown,Job,4
CyberArk Architect - Manager,PwC,Unknown,Job,4
Senior Director | Analytics | Strategic Communications | London,FTI Consulting,Management,Job,4
Cloud Strategy - Managing Consultant / Senior Manager (London/Manchester/Glasgow),Capgemini Invent,Strategy,Job,4
"MM-4817; Business Analysts, Fixed Voice IMS & Mobile",B2E Consulting,Mobile & Apps,Job,4
Full Stack Engineer,PA Consulting,Unknown,Job,4
Cloud Operating Model - Managing Consultant / Senior Manager (London/Manchester/Glasgow),Capgemini Invent,Cloud,Job,4
"Senior Consultant, Managed Document Review | Technology",FTI Consulting,IT Strategy,Job,4
Cyber | Azure IAM architect - Senior Manager,PwC,Cyber Security,Job,4
Physicist - Defence & Security,PA Consulting,Cyber Security,Job,4
SAP Implementation Lead | Senior Manager | Technology Consulting | Advisory | Dublin/Cork,PwC,IT Strategy,Job,4
Manager/Senior Manager - Energy & Utilities - Equipment & Asset Management Advisory,Capgemini Invent,Management,Job,4
Senior Consultant I |Regulated Industries & Energy Markets| Economic & Financial Consulting,FTI Consulting,Unknown,Job,4
"Director, Export Controls & Sanctions | Forensic & Litigation Consulting",FTI Consulting,Forensic & Litigation,Job,4
SAP Solution Architect | Senior Manager | Technology Consulting | Advisory | Dublin/Cork,PwC,IT Strategy,Job,4
Manager/Senior Manager - Energy & Utilities - Digital Engineering (London/Manchester/Glasgow),Capgemini Invent,Digital,Job,4
Third Party Risk Management Consultant,PA Consulting,Management,Job,4
Digital Workplace - Low Code No Code Consultant (London/Manchester/Glasgow),Capgemini Invent,Digital,Job,4
Technical Support Engineer | Technology,FTI Consulting,IT Strategy,Job,4
Solution Architect,PA Consulting,Unknown,Job,4
Finance Transformation - Senior Associate,PwC,Finance,Job,4
Senior Manager - Energy & Utilities - Transformation (Digital Strategy/Platform Architecture),Capgemini Invent,Unknown,Job,4
Finance Transformation - Manager,PwC,Finance,Job,4
Revenue Accountant | Finance & Accounting | Core Operations,FTI Consulting,Finance,Job,4
AWS Engineer,PA Consulting,Unknown,Job,4
Senior Revenue Accountant | Finance & Accounting | Core Operations,FTI Consulting,Finance,Job,4
Manager/Senior Manager - Energy & Utilities - Customer Experience (London/Manchester/Glasgow),Capgemini Invent,Unknown,Job,4
GCP-Cloud Architect,PA Consulting,Unknown,Job,4
Advisory Senior Manager | Portfolio and Programme Management | Dublin/Cork,PwC,Management,Job,4
Data Scientist,PA Consulting,Data Science,Job,4
Manager/Senior Manager - Energy & Utilities - Sector Transformation,Capgemini Invent,Unknown,Job,4
Consultant | Industrials & Special Situations | Strategic Communications,FTI Consulting,Unknown,Job,4
Financial Services Advisory | Senior Associate | Banking (Risk),PwC,Unknown,Job,4
AWS Alliance Manager,PA Consulting,Unknown,Job,4
Financial Services Advisory | Senior Associate | Banking (Digital Banking),PwC,Unknown,Job,4
Consultant / Senior Consultant - Digital Business Architect (London/Manchester/Glasgow),Capgemini Invent,Digital,Job,4
Team Assistant | Regional Leads | Core Operations,FTI Consulting,Unknown,Job,4
Service Designer - Digital Factory (London/Manchester/Glasgow),Capgemini Invent,Digital,Job,4
Software Engineer - C ++,PA Consulting,Software,Job,4
"Consultant - Valuations, Disputes and Arbitration | Energy |Economic and Financial Consulting",FTI Consulting,Management,Job,4
Financial Services Advisory | Manager | Banking (Risk),PwC,Unknown,Job,4
DevOps Engineer Consultant (London/Manchester/Glasgow),Capgemini Invent,Software,Job,4
Hardware Engineer,PA Consulting,Unknown,Job,4
Financial Services Advisory | Senior Associate | Banking (Retail Banking Operations),PwC,Unknown,Job,4
Benefits Advisor | Human Resources | Core Operations,FTI Consulting,Human Resources,Job,5
"Finance Associate - Accounts Payable, 12 month contract",PA Consulting,Finance,Job,5
Marketing Executive | Forensic & Litigation Consulting,FTI Consulting,Marketing,Job,5
Financial Services Advisory | Manager | Banking (Transaction Enablement and Migration),PwC,Unknown,Job,5
Cloud Operating Model - Consultant / Senior Consultant (London/Manchester/Glasgow),Capgemini Invent,Cloud,Job,5
Financial Services Advisory | Manager | Banking (Corporate Banking Operations),PwC,Unknown,Job,5
Cloud Strategy - Consultant / Senior Consultant (London/Manchester/Glasgow),Capgemini Invent,Strategy,Job,5
PR Manager,PA Consulting,Unknown,Job,5
"Executive Assistant, Business Transformation, London",FTI Consulting,Unknown,Job,5
"Director, Managed Document Review | Technology",FTI Consulting,IT Strategy,Job,5
Lead Software Engineer,PA Consulting,Software,Job,5
Advisory - Asset & Wealth Management - Senior Manager,PwC,Management,Job,5
Cloud Economics - Consultant / Senior Consultant (London/Manchester/Glasgow),Capgemini Invent,Cloud,Job,5
Dynamics 365 CRM Developer,PA Consulting,CRM,Job,5
Cloud Security Senior Manager | Cyber Advisory | Dublin or Cork,PwC,Cyber Security,Job,5
Manager/Senior Manager - Energy & Utilities - Water (London/Manchester/Glasgow),Capgemini Invent,Unknown,Job,5
EMEA Benefits Manager | Human Resources | Core Operations,FTI Consulting,Human Resources,Job,5
Manager/Senior Manager - Energy & Utilities - Water (Glasgow),Capgemini Invent,Unknown,Job,5
"Senior Consultant, Transaction Advisory Services | Corporate Finance & Restructuring",FTI Consulting,Corporate Finance,Job,5
Strategy& - Strategy Senior Manager I Dublin,PwC,Strategy,Job,5
Commercial & Procurement Specialist,PA Consulting,Procurement,Job,5
AWS DevOps Engineer,PA Consulting,Software,Job,5
HR Business Partner (15 month FTC maternity cover),FTI Consulting,Human Resources,Job,5
Financial Services - Advisory | Senior Manager | Dublin or Cork,PwC,Unknown,Job,5
Content Designer - Digital Factory (London/Manchester/Glasgow),Capgemini Invent,Digital,Job,5
"Operations, Project Delivery & Customer Service Specialist - Advisory Operate - Dublin/Cork, Ireland",PwC,Unknown,Job,5
AWS Engineer,PA Consulting,Unknown,Job,5
Senior Director | Sustainability Communications | Strategic Communications | London,FTI Consulting,Unknown,Job,5
Management Consultant -Retail Commercial Transformation - London/Manchester/Glasgow,Capgemini Invent,Management,Job,5
Full Stack Engineer Consultant (London/Manchester/Glasgow),Capgemini Invent,Unknown,Job,5
AWS Data Engineer,PA Consulting,Data Science,Job,5
Technical Business Analyst | Senior Associate | Technology Consulting | Advisory Dublin/Cork,PwC,IT Strategy,Job,5
Executive Assistant (9-month Fixed Term Maternity Contract) | Financial & Professional Services | Strategic Communications ,FTI Consulting,Management,Job,5
QA Engineer,PA Consulting,Unknown,Job,5
Technology Consulting | Senior Associate | Advisory | Dublin/Cork,PwC,IT Strategy,Job,5
Senior Legal Counsel | Legal & Risk | Core Operations,FTI Consulting,Risk & Compliance,Job,5
GCP Cloud Architect,PA Consulting,Cloud,Job,5
"Technology Consulting | Senior Associate, Manager & Senior Manager | Advisory | Cork",PwC,IT Strategy,Job,5
Legal Counsel (12 month FTC)| Legal & Risk | Core Operations,FTI Consulting,Risk & Compliance,Job,5
Sustainable Finance Regulation Implementation | Manager Consulting | Dublin or Cork,PwC,Finance,Job,5
DevOps Engineer,PA Consulting,Software,Job,5
"Director, Forensic Accounting Advisory Services | Forensic and Litigation Consulting",FTI Consulting,Forensic & Litigation,Job,5
Supply Chain Senior Manager | Advisory Consulting | Dublin/Cork,PwC,Supply Chain,Job,5
Senior Consultant | Forensic Accounting Advisory Services | Forensic & Litigation Consulting,FTI Consulting,Forensic & Litigation,Job,5
Lead Software Engineer,PA Consulting,Software,Job,5
"Director | Financial Services, Strategic Communications",FTI Consulting,Unknown,Job,6
Senior Support Enginner,PA Consulting,Unknown,Job,6
Advisory Senior Associates | Portfolio and Programme Management Dublin,PwC,Management,Job,6
Marketing Executive | Communications & Marketing | Core Operations,FTI Consulting,Marketing,Job,6
Technology Solution Architect | Manager | Advisory Consulting - Dublin/Cork,PwC,IT Strategy,Job,6
Support Engineer,PA Consulting,Unknown,Job,6
"Consultant | Financial Services, Strategic Communications",FTI Consulting,Unknown,Job,6
Pre-Sales Application Engineer,PA Consulting,Unknown,Job,6
MC - AWS Pre-Sales - Alliance,PA Consulting,Unknown,Job,6
Consultant | Energy | Strategic Communications ,FTI Consulting,Management,Job,6
"Consultant | Technology, Media & Telecom, Strategic Communications",FTI Consulting,Unknown,Job,6
IT Sourcing Consultant,PA Consulting,Procurement,Job,6
MC - Intellectual Property Advisory - Networks,PA Consulting,Property Management,Job,6
"Consultant - Economics, Econometrics and Disputes | Economic & Financial Consulting",FTI Consulting,Unknown,Job,6
"Executive Assistant (12 Months FTC)| People and Transformation, Strategic Communications",FTI Consulting,Management,Job,6
Operational Resilience Consultant - Financial Services,PA Consulting,Unknown,Job,6
Data Privacy Specialist,PA Consulting,Data Science,Job,6
"Director | Financial Services, Strategic Communications",FTI Consulting,Unknown,Job,6
Senior HR Advisor | Human Resources | Core Operations,FTI Consulting,Human Resources,Job,6
Cloud security Architect,PA Consulting,Cyber Security,Job,6
Digital Campaigns and Social Media Lead,PA Consulting,Digital,Job,6
Executive Assistant (12 months fixed term contract)| Economic and Financial Consulting,FTI Consulting,Unknown,Job,6
Senior Advisor | Human Resources | Core Operations,FTI Consulting,Human Resources,Job,6
DevOps Engineer,PA Consulting,Software,Job,6
"Consultant | Financial Services, Strategic Communications",FTI Consulting,Unknown,Job,6
Lead Software Engineer,PA Consulting,Software,Job,6
Workday HCM Lead,PA Consulting,Human Resources,Job,6
"Senior Consultant, e-Discovery | Technology",FTI Consulting,IT Strategy,Job,6
"Senior Consultant, Restructuring Tax",FTI Consulting,Restructuring,Job,6
Customer Success & Support Manager,PA Consulting,Unknown,Job,6
"Consultant/Senior Consultant, Data Science ",FTI Consulting,Management,Job,6
Service Desk Analyst,PA Consulting,Unknown,Job,6
"Senior Director | ESG, Strategic Communications",FTI Consulting,Unknown,Job,6
Accounts Assistant,PA Consulting,Unknown,Job,6
Sourcing and Procurement Consultant,PA Consulting,Procurement,Job,6
"Project Assistant, Business Intelligence | Forensic & Litigation Consulting",FTI Consulting,Forensic & Litigation,Job,6
"Senior Consultant/Consultant - Valuations, Disputes and Arbitration | Economic and Financial Consulting",FTI Consulting,Unknown,Job,6
UX/UI Designer,PA Consulting,Unknown,Job,6
"Consultant - Valuations, Disputes and Arbitration | Economic and Financial Consulting",FTI Consulting,Unknown,Job,6
Lead UX/UI Designer,PA Consulting,Unknown,Job,6
Global Data Privacy Director,FTI Consulting,Data Science,Job,6
Senior/Principal Fraud Consultant,PA Consulting,Unknown,Job,6
Hydrogen Technology Expert,PA Consulting,IT Strategy,Job,6
"Manager, Risk and Compliance | Legal |Core Operations",FTI Consulting,Risk & Compliance,Job,6
Global Performance Appraisal Specialist,PA Consulting,Performance Management,Job,6
"Senior Consultant, Life Actuarial Consulting | Forensic & Litigation Consulting",FTI Consulting,Forensic & Litigation,Job,7
Penetration Tester,PA Consulting,Unknown,Job,7
"Director, Digital Forensics | Technology",FTI Consulting,Digital,Job,7
Senior Financial Crime Transformation Consultant,PA Consulting,Unknown,Job,7
Consultant | Digital and Insights | Strategic Communications,FTI Consulting,Digital,Job,7
Penetration Tester,PA Consulting,Unknown,Job,7
Senior Recruiter | Core Operations,FTI Consulting,Unknown,Job,7
Digital Delivery Lead,PA Consulting,Digital,Job,7
"Corporate Accountant, Finance & Accounting | Core Operations ",FTI Consulting,Management,Job,7
EMEA Senior Recruiter | Core Ops,FTI Consulting,Unknown,Job,7
Java Engineer,PA Consulting,Software,Job,7
AWS DevOps Engineer,PA Consulting,Software,Job,7
Lead Sourcing Specialist (Talent Acquisition),FTI Consulting,Procurement,Job,7
Java Engineer,PA Consulting,Software,Job,7
"Real Estate Tax Advisory, Senior Consultant ",FTI Consulting,Management,Job,7
AWS Engineer,PA Consulting,Unknown,Job,7
"Director, Digital Science | Corporate Finance & Restructuring",FTI Consulting,Corporate Finance,Job,7
Managing Director Digital Delivery/Transformation | Corporate Finance & Restructuring,FTI Consulting,Corporate Finance,Job,7
Conduct Risk Consultant – Risk & Regulation,PA Consulting,Risk & Compliance,Job,7
"Managing Director | Forensic Accounting & Advisory Services, Forensic & Litigation Consulting",FTI Consulting,Management,Job,7
Software Development Consultant Apprentice,PA Consulting,Software,Job,7
"HR Business Partner, Human Resources | Core Operations",FTI Consulting,Human Resources,Job,7
Financial Crime Technology Consultant,PA Consulting,IT Strategy,Job,7
Senior Consultant | Capital Markets |Economic and Financial Consulting,FTI Consulting,Unknown,Job,7
Managing Consultant - Financial Services - Insurance (non-Life),PA Consulting,Unknown,Job,7
Consultant | Capital Markets | Economic and Financial Consulting,FTI Consulting,Unknown,Job,7
Managing Consultant - Financial Services - Life and Pensions,PA Consulting,Unknown,Job,7
VAT Director/Senior Director (Full-time/Part-time),FTI Consulting,Unknown,Job,7
"Project, Programme and Portfolio Managers and Business Case Experts - PST",PA Consulting,Unknown,Job,7
QA Engineer,PA Consulting,Unknown,Job,7
"Director, Clean Energy | Corporate Finance & Restructuring",FTI Consulting,Corporate Finance,Job,7
"Finance Manager, LLP Accounting | Core Operations",FTI Consulting,Finance,Job,7
Senior Technical Project Administrator,PA Consulting,Unknown,Job,7
"Senior Director, Transaction Advisory Services | Corporate Finance & Restructuring",FTI Consulting,Corporate Finance,Job,7
Agile Consultant - Lean Portfolio Management,PA Consulting,Management,Job,7
Senior Consultant | Analytics | Strategic Communications,FTI Consulting,Data Science,Job,7
Systems Engineering Consultant,PA Consulting,Unknown,Job,7
Senior Director | Data Science | Strategic Communications,FTI Consulting,Data Science,Job,7
Java Engineer,PA Consulting,Software,Job,7
Commercial Finance Project Administrator,PA Consulting,Finance,Job,7
"Legal Counsel EMEA, Legal & Risk | Core Operations ",FTI Consulting,Management,Job,7
AWS Analytics and Machine Learning Engineer,PA Consulting,Human Resources,Job,7
"Senior Consultant (IT), Business Transformation | Corporate Finance & Restructuring ",FTI Consulting,Management,Job,7
Commercial Finance Project Administrator,PA Consulting,Finance,Job,7
" International/Corporate Tax, Senior Director",FTI Consulting,Management,Job,7
"Consultant, Business Transformation | Corporate Finance & Restructuring ",FTI Consulting,Management,Job,8
Data Scientist Consultant,PA Consulting,Data Science,Job,8
Group Financial Accountant,PA Consulting,Unknown,Job,8
Enterprise Solutions Director,PA Consulting,Unknown,Job,8
Cloud Security Controls Expert,PA Consulting,Cyber Security,Job,8
Senior Data Analyst,PA Consulting,Data Science,Job,8
Senior Data Strategist,PA Consulting,Data Science,Job,8
Data Manager Consultant,PA Consulting,Data Science,Job,8
Commercial Finance Project Administrator (FTC),PA Consulting,Finance,Job,8
Systems Architect,PA Consulting,Unknown,Job,8
Employment Tax Manager,PA Consulting,Finance,Job,8
AWS Data Engineer,PA Consulting,Data Science,Job,8
Operational Technology Cyber Security Consultant,PA Consulting,IT Strategy,Job,8
Senior Data Manager,PA Consulting,Data Science,Job,8
Data Analyst Consultant,PA Consulting,Data Science,Job,8
Principal Data Strategist Consultant,PA Consulting,Data Science,Job,8
IT Strategy Consultant,PA Consulting,Strategy,Job,8
